name,period_d,depth_ppm,snr,prob,pred_discovery,pred_strict,truth
TOI-6034.01,2.5761795043945312,49904.2528728,59.633221820902456,0.00926483515650034,0,0,1
TOI-4666.01,2.9093856811523438,45160.0,31.76540119836447,0.09527842700481415,0,0,1
TOI-4469.01,2.6634154319763184,37522.94895,17.065656170045113,0.008315837010741234,0,0,1
TOI-5801.01,3.0678160190582275,34536.7848173,134.50040816693976,0.15957607328891754,0,0,1
TOI-4570.01,1.9737719297409058,32350.4373939,5.8317071209153255,0.0018389339093118906,0,0,1
TOI-762.01,3.4716808795928955,30624.6434599,47.33688894639817,0.1386064738035202,0,0,1
TOI-5970.01,3.092743158340454,28695.1012159,124.64274789628895,0.24486246705055237,0,0,1
TOI-1259.01,3.4779775142669678,27021.6932424,564.0328873801302,0.35739389061927795,0,0,1
TOI-656.01,0.8134732842445374,25866.83474,206.9424948691999,0.08258023858070374,0,0,1
TOI-7683.01,1.5435056686401367,25465.6222993,7.37274690617394,0.021994495764374733,0,0,1
TOI-434.01,4.388851642608643,24964.547823,35.56432270413841,0.41794994473457336,1,0,1
TOI-5688.01,2.9479689598083496,24090.0,17.762988499269316,0.06404111534357071,0,0,1
TOI-1465.01,1.4200247526168823,23730.0,203.0255296835677,0.2959285378456116,0,0,1
TOI-5138.01,1.7292680740356445,23043.2055193,11.86021385076367,0.0045685418881475925,0,0,1
TOI-655.01,0.7888389229774475,22614.8958863,74.66908587355282,0.10167624056339264,0,0,1
TOI-1927.01,4.1117730140686035,22017.8853537,50.16606598296536,0.49077802896499634,1,0,1
TOI-2127.01,5.508068084716797,21584.7573167,81.24434353092087,0.3867230713367462,0,0,1
TOI-750.01,0.8378453254699707,21355.7850721,23.764917480462564,0.002985057421028614,0,0,1
TOI-7067.01,15.357352256774902,21072.3970721,2.7451482281359607,0.08547604084014893,0,0,1
TOI-1227.01,27.361377716064453,20690.6684294,8.008381993355774,0.7452092170715332,1,1,1
TOI-2464.01,3.768498182296753,19800.0,33.686078634168666,0.2742275893688202,0,0,1
TOI-398.01,1.3600282669067383,19427.6944703,190.62356804069256,0.17330673336982727,0,0,1
TOI-2107.01,2.4545700550079346,19250.0,27.965971744779736,0.1248091384768486,0,0,1
TOI-418.01,2.2359864711761475,19058.0137423,208.80400340609975,0.4505394697189331,1,0,1
TOI-2406.01,3.076683521270752,18848.5607395,10.319571477344171,0.2462342530488968,0,0,1
TOI-3636.01,4.218662261962891,18527.6525232,12.378624986267209,0.24853123724460602,0,0,1
TOI-1283.01,10.338504791259766,18162.0,280.1058719429689,0.4864312410354614,1,0,1
TOI-2503.01,1.675156831741333,17781.0520005,10.55445551991002,0.019075164571404457,0,0,1
TOI-423.01,3.161569595336914,17482.2328085,176.8641052425704,0.4580855965614319,1,0,1
TOI-7057.01,3.377741813659668,17290.4349881,13.198563079855473,0.13430432975292206,0,0,1
TOI-4454.01,3.1208395957946777,17027.4064902,15.431980565960602,0.1699923574924469,0,0,1
TOI-473.01,1.5732847452163696,16875.7909849,44.33435217261725,0.0958646610379219,0,0,1
TOI-116.01,2.7985801696777344,16708.7151957,170.15230243584304,0.5033568143844604,1,1,1
TOI-474.01,2.516725778579712,16406.5457432,33.440218702259386,0.1801704615354538,0,0,1
TOI-966.01,3.4091567993164062,16294.3969402,37.27498246482335,0.5653052926063538,1,1,1
TOI-259.01,2.4238226413726807,16167.1783697,18.384863015998523,0.32899171113967896,0,0,1
TOI-1151.01,3.4741013050079346,15748.0,486.80455894723764,0.5360175967216492,1,1,1
TOI-2570.01,2.9887654781341553,15493.9490407,37.46458945689007,0.3935927748680115,0,0,1
TOI-1725.01,1.091430425643921,15377.7920504,33.5311542171564,0.09195248037576675,0,0,1
TOI-5673.01,2.8386216163635254,15270.0987848,12.78656430358618,0.15779638290405273,0,0,1
TOI-2818.01,4.039719104766846,15110.0,30.58885680502262,0.5035920739173889,1,1,1
TOI-2547.01,2.311420202255249,14975.1986739,87.523027908694,0.30590271949768066,0,0,1
TOI-7056.01,2.9932820796966553,14780.3009546,8.146616180251106,0.0919671505689621,0,0,1
TOI-112.01,2.4997994899749756,14621.2059647,120.73349060635968,0.3605319857597351,0,0,1
TOI-7512.01,6.569208145141602,14456.0192142,24.865131727282797,0.6053910851478577,1,1,1
TOI-1910.01,5.416112899780273,14310.0,17.90384790722863,0.44399702548980713,1,0,1
TOI-4521.01,3.071718215942383,14228.6266087,66.43672633618182,0.5902262926101685,1,1,1
TOI-7491.01,4.174714088439941,14026.6940585,5.166464292824893,0.0600208081305027,0,0,1
TOI-437.01,2.7439029216766357,13852.3979585,19.586511733244134,0.23554714024066925,0,0,1
TOI-6013.01,3.257389783859253,13770.1931364,23.061341661004548,0.41152864694595337,1,0,1
TOI-1928.01,2.2785749435424805,13638.9588751,7.011499907822436,0.3247664272785187,0,0,1
TOI-1902.01,1.6091845035552979,13450.0,28.46725770242982,0.26318272948265076,0,0,1
TOI-6275.01,6.246225357055664,13270.5292659,35.47218106341159,0.5247984528541565,1,1,1
TOI-547.01,1.5089634656906128,13140.0,25.25330608701747,0.015289450995624065,0,0,1
TOI-2368.01,5.175010681152344,13020.075325,44.48159776280891,0.5268108248710632,1,1,1
TOI-6720.01,4.147036075592041,12886.987991,6.059734011985636,0.4855688512325287,1,0,1
TOI-501.01,1.7100121974945068,12680.0,156.79577295734296,0.5222511291503906,1,1,1
TOI-1883.01,4.506383895874023,12522.9613662,12.913224819119048,0.2184511423110962,0,0,1
TOI-5672.01,3.0390851497650146,12337.5570732,21.729183120481284,0.3013027012348175,0,0,1
TOI-752.01,5.748132228851318,12259.4473284,76.52658070887792,0.5608805418014526,1,1,1
TOI-111.01,2.106156826019287,12142.2238514,31.200039488280144,0.4179149270057678,1,0,1
TOI-5685.01,2.3409907817840576,12040.0,11.784330291162876,0.1002536490559578,0,0,1
TOI-4531.01,4.533470153808594,11929.8619692,27.46718035351915,0.39012354612350464,0,0,1
TOI-1198.01,3.6127710342407227,11794.0,73.04423214999416,0.33501750230789185,0,0,1
TOI-2338.01,22.653961181640625,11530.0,13.706045034512474,0.6745068430900574,1,1,1
TOI-1463.01,2.8791022300720215,11426.6170088,22.104602342206523,0.3942965269088745,0,0,1
TOI-7719.01,3.275794506072998,11304.975042,7.734965723561013,0.08615624904632568,0,0,1
TOI-7497.01,5.291360378265381,11253.2758897,10.725140943981126,0.49121326208114624,1,0,1
TOI-2524.01,7.185802936553955,11192.4995247,26.279935404474955,0.5572316646575928,1,1,1
TOI-5818.01,2.605267286300659,11139.9639243,14.785752457698372,0.34581422805786133,0,0,1
TOI-1780.01,1.7063263654708862,10980.0,47.38257527574758,0.41570988297462463,1,0,1
TOI-4428.01,1.8555744886398315,10888.0377261,10.468592289505304,0.15854522585868835,0,0,1
TOI-6170.01,2.7096309661865234,10819.0,21.33686778358554,0.5347216725349426,1,1,1
TOI-6838.01,1.5109447240829468,10693.4881603,4.796849765230446,0.16246069967746735,0,0,1
TOI-1915.01,2.292034864425659,10585.2906021,14.625504907985315,0.2797871232032776,0,0,1
TOI-4525.01,2.4841976165771484,10361.0,39.04437455875746,0.5003786683082581,1,1,1
TOI-5398.01,10.590923309326172,10290.0,10.862291935648688,0.8620162606239319,1,1,1
TOI-295.01,3.396944046020508,10192.131158,24.492758783367083,0.546678364276886,1,1,1
TOI-2206.01,1.7690120935440063,10110.2139841,74.55494708685305,0.603736937046051,1,1,1
TOI-559.01,6.983907222747803,10050.0,52.626649831598925,0.43552425503730774,1,0,1
TOI-2580.01,3.397861957550049,9960.0,29.924517173074143,0.293695867061615,0,0,1
TOI-2176.01,7.891427040100098,9822.0002486,18.75380312146332,0.6176272034645081,1,1,1
TOI-439.01,3.8558900356292725,9747.6035597,26.8428649354328,0.41868817806243896,1,0,1
TOI-1612.01,2.8641388416290283,9597.0,182.02912528704877,0.5427631139755249,1,1,1
TOI-5960.01,3.076328992843628,9490.8396842,104.52170251474766,0.45385855436325073,1,0,1
TOI-3688.01,3.2462079524993896,9405.9910446,19.361045432259175,0.47344648838043213,1,0,1
TOI-2386.01,2.756739616394043,9248.4759918,35.49983848975518,0.43795186281204224,1,0,1
TOI-4532.01,5.817645072937012,9178.0,7.773855109210377,0.5867480039596558,1,1,1
TOI-578.01,2.052868366241455,8982.0803562,25.416184789275306,0.3211419880390167,0,0,1
TOI-1373.01,3.852999687194824,8913.0,84.16339940874255,0.5127136707305908,1,1,1
TOI-7166.01,12.922811508178711,8723.2564459,2.896783381427331,0.6736045479774475,1,1,1
TOI-2177.01,3.522475004196167,8602.325645,15.62308672020526,0.41752272844314575,1,0,1
TOI-6052.01,4.0135698318481445,8561.4394866,13.068841826565839,0.41012042760849,1,0,1
TOI-1626.01,3.3326189517974854,8310.5066162,31.902130177298268,0.38649842143058777,0,0,1
TOI-2373.01,13.336817741394043,8210.0,10.75673139361552,0.6044679284095764,1,1,1
TOI-1603.01,4.732173442840576,8121.0,52.34536573571698,0.489186555147171,1,0,1
TOI-574.01,3.3023908138275146,8027.6122024,15.453016100085343,0.3541063368320465,0,0,1
TOI-1295.01,3.1968839168548584,7958.980656,102.75528366027226,0.3609783947467804,0,0,1
TOI-1855.01,1.3641482591629028,7820.0,22.839716867903036,0.4447876513004303,1,0,1
TOI-5086.01,2.9956367015838623,7778.0,42.23898007067429,0.5172007083892822,1,1,1
TOI-4138.01,3.660032033920288,7749.7203265,49.39369812777883,0.4009000062942505,1,0,1
TOI-2130.01,5.005260467529297,7641.404098,38.05848543305557,0.4959331452846527,1,0,1
TOI-6015.01,4.304829120635986,7531.4221197,21.943494379339416,0.5609126687049866,1,1,1
TOI-628.01,3.407599925994873,7500.0,3.6857038898524888,0.7244508266448975,1,1,1
TOI-640.01,5.003775596618652,7390.0,62.29876793767714,0.5642350912094116,1,1,1
TOI-4486.01,2.6915407180786133,7265.0,38.73613032019737,0.2180318534374237,0,0,1
TOI-2236.01,3.5315897464752197,7230.0,37.13748352851493,0.4865049421787262,1,0,1
TOI-5959.01,4.457144260406494,7175.6801891,27.10254461907506,0.39199939370155334,0,0,1
TOI-483.01,4.37808084487915,7074.3931388,39.87993872304356,0.34994783997535706,0,0,1
TOI-4431.01,4.885484218597412,7009.1394983,13.262899299019052,0.5892962217330933,1,1,1
TOI-1194.01,2.310642719268799,6911.0,74.71762759868892,0.5385327935218811,1,1,1
TOI-3568.01,4.41780424118042,6790.1682056,16.97748150601474,0.5421969890594482,1,1,1
TOI-1161.01,1.7635880708694458,6650.0,46.860668081571006,0.22669991850852966,0,0,1
TOI-256.01,24.737340927124023,6560.492087,4.892615682932504,0.8158156275749207,1,1,1
TOI-2525.01,23.341854095458984,6473.602151,5.414388932401299,0.8560055494308472,1,1,1
TOI-1904.01,4.324770927429199,6380.0,31.738879334649095,0.5316134095191956,1,1,1
TOI-5535.01,3.386317014694214,6259.8518041,4.17187636977716,0.1617814302444458,0,0,1
TOI-129.01,0.9809719920158386,6178.392421,120.13715835515136,0.5538800954818726,1,1,1
TOI-6963.01,8.834925651550293,6132.2553437,3.2213492915908026,0.7366220355033875,1,1,1
TOI-1885.01,6.544066429138184,6060.0,37.298671477393526,0.7039638161659241,1,1,1
TOI-5153.01,20.91084098815918,5936.0,7.340396605222963,0.8466275930404663,1,1,1
TOI-4987.01,4.28896951675415,5850.0,25.803263673868056,0.6350489258766174,1,1,1
TOI-117.01,3.5862960815429688,5729.3246858,20.19880349891231,0.5241475105285645,1,1,1
TOI-415.01,3.611262083053589,5684.0944144,39.49231406324618,0.5180996060371399,1,1,1
TOI-2604.01,4.908881664276123,5548.8279627,9.386009599645105,0.6356568336486816,1,1,1
TOI-1728.01,3.4913952350616455,5400.0,29.024837028422997,0.619472324848175,1,1,1
TOI-169.01,2.255445957183838,5283.7103901,28.60433905072205,0.5495171546936035,1,1,1
TOI-1933.01,3.2633163928985596,5011.5725027,3.1397180416597883,0.4565247595310211,1,0,1
TOI-819.01,16.254680633544922,4950.0,18.519324222055083,0.8176566958427429,1,1,1
TOI-303.01,3.5608112812042236,4890.0,11.860355279368209,0.36532875895500183,0,0,1
TOI-237.01,5.436166763305664,4797.1288482,5.4975492954352925,0.5523585081100464,1,1,1
TOI-269.01,3.69771671295166,4755.6707294,30.779725544865837,0.8155484795570374,1,1,1
TOI-2207.01,8.000489234924316,4606.7419685,11.137480124717268,0.6680572628974915,1,1,1
TOI-2199.01,3.3771114349365234,4515.155077,22.76440620552349,0.5711285471916199,1,1,1
TOI-1916.01,1.8882310390472412,4358.3260875,7.808453062402908,0.2112424373626709,0,0,1
TOI-5523.02,3.471280336380005,4280.3883109,5.1626056325981455,0.5610098838806152,1,1,1
TOI-1298.01,4.537136077880859,4199.7558754,62.34271730202099,0.6616061329841614,1,1,1
TOI-5467.01,2.6570005416870117,4050.0,9.739048037323073,0.45819148421287537,1,0,1
TOI-1554.01,9.434159278869629,4001.924935,28.761128721254693,0.8644490242004395,1,1,1
TOI-4534.01,2.8492801189422607,3881.5844287,6.309125346908771,0.6039659976959229,1,1,1
TOI-270.01,5.660569190979004,3856.1060852,43.158808541295734,0.7710619568824768,1,1,1
TOI-1493.01,5.147904872894287,3710.0,23.382196141363302,0.5904191732406616,1,1,1
TOI-5097.01,5.745994567871094,3650.0,14.912452700789881,0.8230237364768982,1,1,1
TOI-2421.01,4.347400188446045,3520.0,11.035843920099435,0.673797607421875,1,1,1
TOI-256.02,3.7779417037963867,3469.450739,13.532470057595829,0.8003153800964355,1,1,1
TOI-1239.01,12.639698028564453,3292.6812864,18.648395427943104,0.8729184865951538,1,1,1
TOI-576.01,5.443535327911377,3219.0,37.35827330842817,0.7087502479553223,1,1,1
TOI-1266.01,10.894842147827148,3168.3853584,17.700059269491373,0.8670733571052551,1,1,1
TOI-2543.01,7.542750835418701,3098.3066655,13.916129447161254,0.8312901854515076,1,1,1
TOI-569.01,6.556207656860352,2970.0,18.008342885804925,0.8526080250740051,1,1,1
TOI-5168.01,6.771341323852539,2930.0,3.140121219525028,0.8130385279655457,1,1,1
TOI-654.01,1.5275639295578003,2892.4227936,10.576959396878037,0.5425864458084106,1,1,1
TOI-1288.01,2.699829339981079,2798.0,51.70305351565243,0.6204968094825745,1,1,1
TOI-4916.01,4.119703769683838,2690.0,5.571066929157986,0.6842799186706543,1,1,1
TOI-470.01,12.191455841064453,2625.0570737,11.387868583439175,0.856472373008728,1,1,1
TOI-1828.01,9.094123840332031,2570.0,31.241611166020068,0.85750412940979,1,1,1
TOI-1408.01,4.424704074859619,2447.0,77.37600629242321,0.8288285136222839,1,1,1
TOI-1836.01,20.380783081054688,2371.5221505,24.693123486111038,0.8687454462051392,1,1,1
TOI-540.01,1.2391533851623535,2318.6594409,10.50676908886513,0.7905950546264648,1,1,1
TOI-603.01,16.179861068725586,2249.0,11.25303332960116,0.8724241852760315,1,1,1
TOI-1267.01,6.790098190307617,2158.1733568,5.710076631517145,0.8240285515785217,1,1,1
TOI-1640.01,1.9495402574539185,2089.2444115,20.01732713097321,0.7771629691123962,1,1,1
TOI-954.01,3.684969902038574,2070.0,11.42201964968502,0.6688610315322876,1,1,1
TOI-4462.01,4.913302421569824,2040.0,3.727870312350306,0.6035945415496826,1,1,1
TOI-663.02,4.695598602294922,1969.101717,11.820958810534604,0.826726496219635,1,1,1
TOI-5087.01,17.30706214904785,1909.0,9.597708883241706,0.8701086640357971,1,1,1
TOI-969.01,1.8237371444702148,1890.0,8.577520215833143,0.7025430202484131,1,1,1
TOI-2084.01,6.078402996063232,1810.0,9.29880165000464,0.8573583960533142,1,1,1
TOI-2184.01,6.906786918640137,1751.7778572,7.121226007910443,0.874333381652832,1,1,1
TOI-6004.01,9.878684043884277,1728.7453821,5.609340181169585,0.858074963092804,1,1,1
TOI-1266.02,18.801610946655273,1686.7881033,3.09569481832916,0.8948642611503601,1,1,1
TOI-175.01,3.690675973892212,1657.0,73.21037028417796,0.8462285995483398,1,1,1
TOI-5155.01,9.795653343200684,1633.7953711,4.982602274200597,0.8662497997283936,1,1,1
TOI-178.01,6.557851314544678,1596.0,11.100995836220434,0.877216637134552,1,1,1
TOI-177.01,2.8531014919281006,1547.1068927,24.29757686331342,0.814116358757019,1,1,1
TOI-5141.01,11.814172744750977,1504.894167,13.44831863004384,0.8423342704772949,1,1,1
TOI-942.01,4.32765007019043,1480.0,2.3933492485882666,0.8365382552146912,1,1,1
TOI-1467.01,5.97113561630249,1437.1086027,8.42978254243602,0.8825500011444092,1,1,1
TOI-4512.01,19.56204605102539,1397.8148985,3.4726163307069036,0.8896768093109131,1,1,1
TOI-5524.01,2.2979915142059326,1354.9640916,4.864813070715492,0.8260078430175781,1,1,1
TOI-333.01,3.7852327823638916,1338.8791278,4.6684078668989635,0.7968209385871887,1,1,1
TOI-2081.01,10.505435943603516,1320.6016253,11.93241149893784,0.8735135793685913,1,1,1
TOI-2018.01,7.43557071685791,1310.6803156,15.260030523640255,0.8784904479980469,1,1,1
TOI-4491.01,5.006621837615967,1290.0,10.220486228890417,0.8697132468223572,1,1,1
TOI-444.01,17.96350860595703,1266.94519,4.894968299439063,0.8912495374679565,1,1,1
TOI-1339.01,8.880328178405762,1238.0,65.51554331287704,0.8737603425979614,1,1,1
TOI-6251.01,12.761470794677734,1215.2495801,2.7437886393991153,0.8828216195106506,1,1,1
TOI-5558.01,26.194454193115234,1202.7716675,2.6903326081447636,0.8826323747634888,1,1,1
TOI-1695.01,3.1342945098876953,1183.6060713,11.203514415854823,0.8438621163368225,1,1,1
TOI-4559.01,3.964905261993408,1160.5626137,6.627377206451155,0.8862932920455933,1,1,1
TOI-139.01,11.070857048034668,1149.7328034,6.603132286095812,0.8728137016296387,1,1,1
TOI-1174.01,8.95347785949707,1136.0,8.925118020814246,0.892086923122406,1,1,1
TOI-1064.01,6.443865776062012,1121.9512275,9.053663418949345,0.8853511214256287,1,1,1
TOI-5111.01,3.355721950531006,1101.0,5.847135395413668,0.8595981001853943,1,1,1
TOI-178.03,9.961634635925293,1084.4327062,6.276301236975679,0.8896917104721069,1,1,1
TOI-4308.01,9.151277542114258,1074.0,5.304831258247818,0.8876595497131348,1,1,1
TOI-6038.01,5.826731204986572,1068.0,6.472709684881239,0.854878306388855,1,1,1
TOI-1184.01,5.748444080352783,1041.0,36.61300647821721,0.8792042136192322,1,1,1
TOI-4551.01,9.95629596710205,1024.0,4.570645515104377,0.8672927618026733,1,1,1
TOI-3742.01,8.927901268005371,49560.0,34.77029779402497,0.3755750358104706,0,0,0
TOI-464.01,0.8185672163963318,44712.1811611,4.713724799801222,0.0011122068390250206,0,0,0
TOI-384.01,9.307339668273926,42774.4,20.691229057687774,0.160196915268898,0,0,0
TOI-4188.01,10.281328201293945,37333.9631684,30.618714574757757,0.29848745465278625,0,0,0
TOI-3921.01,23.255611419677734,35720.0,5.525562357271849,0.15073268115520477,0,0,0
TOI-3799.01,8.206486701965332,29281.2259569,42.13535052769619,0.28769451379776,0,0,0
TOI-1555.01,2.0998899936676025,27336.4,66.30979828027998,0.5789377093315125,1,1,0
TOI-1963.01,12.65346622467041,27095.439949,233.5992220763403,0.3844296336174011,0,0,0
TOI-3109.01,2.8831284046173096,26290.0,21.073350258839,0.05654992535710335,0,0,0
TOI-528.01,3.524869203567505,24987.7992456,15.480452730408603,0.1290152221918106,0,0,0
TOI-4181.01,0.5992532968521118,24379.9383482,6.537857063148306,6.466441604402462e-09,0,0,0
TOI-236.01,4.534451007843018,23574.842911,101.36765964249865,0.2079959511756897,0,0,0
TOI-2157.01,8.424903869628906,21600.0,73.08110965381807,0.4785400629043579,1,0,0
TOI-758.01,13.273591041564941,21146.5262939,194.77395414427053,0.4326506555080414,1,0,0
TOI-549.01,0.5162780284881592,20289.210823,3.8362298421804293,0.0015266946284100413,0,0,0
TOI-3528.01,1.974061369895935,19601.2829646,6.301808449940811,0.09949112683534622,0,0,0
TOI-432.01,2.247040033340454,18890.4,22.013791599467936,0.3829078674316406,0,0,0
TOI-3408.01,15.834601402282715,18000.0,7.12177694530331,0.250741571187973,0,0,0
TOI-4985.01,3.567807197570801,17670.0,6.730406358753443,0.06671629846096039,0,0,0
TOI-6143.01,4.093873500823975,16964.0,16.371899616922494,0.282646119594574,0,0,0
TOI-964.01,0.6027399897575378,16763.6,7.180306794448604,0.31578612327575684,0,0,0
TOI-1299.01,5.929405212402344,16410.0,64.7779640305516,0.6041076183319092,1,1,0
TOI-1474.01,5.222620964050293,15867.9920175,4.860501415395269,0.21006961166858673,0,0,0
TOI-3343.01,2.365166187286377,15360.0,4.958532677108726,0.019611980766057968,0,0,0
TOI-2047.01,7.407260417938232,14765.0,52.11173648761115,0.496637225151062,1,0,0
TOI-1017.01,1.1042200326919556,14177.7,16.937207133071738,0.3435555100440979,0,0,0
TOI-1615.01,3.9401791095733643,13317.0,98.81861574960728,0.5178082585334778,1,1,0
TOI-2017.01,5.498260021209717,12929.0,230.5201742891385,0.5635860562324524,1,1,0
TOI-4000.01,3.7027103900909424,12813.0,19.006697466811072,0.282135933637619,0,0,0
TOI-3684.01,3.105654001235962,12400.0,12.639014569995824,0.34572741389274597,0,0,0
TOI-2341.01,0.8774099946022034,12050.0,22.076444698809514,0.1587001532316208,0,0,0
TOI-3507.01,1.7561018466949463,11010.0,2.5527939957534262,0.021650902926921844,0,0,0
TOI-3011.01,1.8418711423873901,10500.0,22.248781143533378,0.27344945073127747,0,0,0
TOI-1168.01,2.1358630657196045,10325.0,44.67794979338403,0.6051570177078247,1,1,0
TOI-3796.01,14.985743522644043,9980.0,8.898150337088635,0.0026918717194348574,0,0,0
TOI-3512.01,1.7113114595413208,9840.0,26.995455979857233,0.533397912979126,1,1,0
TOI-3541.01,2.531395673751831,9640.0,8.541456415802124,0.07676006853580475,0,0,0
TOI-1647.01,6.974423408508301,9189.0,42.31458237528834,0.6510655283927917,1,1,0
TOI-3753.01,3.6502528190612793,9000.0,23.63244306001102,0.40486496686935425,1,0,0
TOI-6020.01,9.10993766784668,8817.0,13.098896866782058,0.606645405292511,1,1,0
TOI-846.01,14.204890251159668,8761.57,7.383067537375368,0.01931162178516388,0,0,0
TOI-147.01,3.423100233078003,8643.1016455,41.29263631588421,0.596517026424408,1,1,0
TOI-1041.01,8.307920455932617,8350.0,38.006654362969186,0.7255058884620667,1,1,0
TOI-4217.01,1.1870336532592773,8164.5762553,3.9359399662887733,0.011431085877120495,0,0,0
TOI-1460.01,6.842498302459717,8029.880305,53.0710279950089,0.6126115322113037,1,1,0
TOI-679.01,11.175542831420898,7873.0,64.93859028633653,0.5314258337020874,1,1,0
TOI-1186.01,11.246461868286133,7576.0,162.5452912768682,0.49985888600349426,1,0,0
TOI-1018.01,4.95911979675293,7440.0,35.613758915264846,0.690245509147644,1,1,0
TOI-1145.01,2.971640110015869,7350.0,21.845044744930878,0.8591252565383911,1,1,0
TOI-6447.01,0.6646521091461182,7197.0,2.9088395570308494,0.003377968445420265,0,0,0
TOI-1996.01,7.724329948425293,7120.0,5.560962152762936,0.54668128490448,1,1,0
TOI-1788.01,5.343259811401367,6980.0,23.141987762389856,0.6961110830307007,1,1,0
TOI-848.01,9.777420043945312,6740.0,3.9125410669410345,0.8611780405044556,1,1,0
TOI-4849.01,3.0617363452911377,6620.0,5.571473498154054,0.27702704071998596,0,0,0
TOI-526.01,7.678746223449707,6458.9029552,5.027382079110085,0.6833072304725647,1,1,0
TOI-1649.01,3.4557862281799316,6423.0,105.06824125954738,0.5410761833190918,1,1,0
TOI-425.01,3.603640079498291,6281.32,21.988033194680277,0.3841513991355896,0,0,0
TOI-2845.01,3.1455020904541016,6190.0,5.9848442433344395,0.3384320139884949,0,0,0
TOI-2571.01,6.002737522125244,6100.0,16.48598980709863,0.6160791516304016,1,1,0
TOI-1120.01,1.6622600555419922,6030.0,11.223657071676554,0.07077816873788834,0,0,0
TOI-2151.01,15.646430015563965,6010.0,4.756604161114883,0.010758420452475548,0,0,0
TOI-1496.01,10.82660961151123,5890.0,5.016376864380498,0.7618098258972168,1,1,0
TOI-1644.01,1.8497201204299927,5750.0,102.3559858072555,0.5179785490036011,1,1,0
TOI-436.01,1.875599980354309,5666.3,8.227259652839786,0.5456726551055908,1,1,0
TOI-916.01,29.173620223999023,5558.85,2.9830266526149365,0.8854014873504639,1,1,0
TOI-2372.01,1.1792343854904175,5398.6996811,5.838844937906393,0.2550504505634308,0,0,0
TOI-6969.01,1.51422917842865,5271.4558635,6.292223260002901,0.27927613258361816,0,0,0
TOI-3290.01,3.9109458923339844,5210.0,8.766001134736443,0.5504250526428223,1,1,0
TOI-3759.01,1.688286304473877,5190.0,5.517406399468981,0.062242958694696426,0,0,0
TOI-2759.01,1.597158432006836,5070.0,4.194203778397904,0.12148405611515045,0,0,0
TOI-1992.01,4.312240123748779,4990.0,18.922904832087127,0.37898150086402893,0,0,0
TOI-3781.01,3.2583796977996826,4800.0,6.9855145855928065,0.42946141958236694,1,0,0
TOI-1213.01,27.214962005615234,4731.4046225,4.004097281557323,0.8897353410720825,1,1,0
TOI-6768.01,4.874114513397217,4613.0,6.021334705365039,0.5579453110694885,1,1,0
TOI-2839.01,0.8792679905891418,4550.0,3.5260070183272156,0.08090383559465408,0,0,0
TOI-331.01,2.4843368530273438,4450.0,2.4271847700296627,0.6304007172584534,1,1,0
TOI-5924.01,6.20437479019165,4380.0,4.8307648656134585,0.6743173599243164,1,1,0
TOI-5275.01,12.595101356506348,4280.0,3.15533008868554,0.8259395360946655,1,1,0
TOI-171.02,1.8135766983032227,4166.2802035,3.5937620837239854,0.6084306836128235,1,1,0
TOI-3843.01,19.51125144958496,4080.0,11.125068204852974,0.8850637078285217,1,1,0
TOI-996.01,14.537799835205078,4040.0,22.701191983824174,0.6066557168960571,1,1,0
TOI-6172.01,6.142916202545166,3871.0,4.810415454979862,0.6791906952857971,1,1,0
TOI-4263.01,0.8334975838661194,3841.4834968,2.9129349055945966,0.14883026480674744,0,0,0
TOI-2550.01,9.070253372192383,3806.1953378,15.75281353939058,0.861814022064209,1,1,0
TOI-987.01,5.2146759033203125,3754.150648,15.124450856152205,0.5888031125068665,1,1,0
TOI-584.01,1.2622658014297485,3711.7152579,24.31091933930911,0.3912810981273651,0,0,0
TOI-5434.01,4.162944316864014,3670.0,3.429223735667626,0.6507208347320557,1,1,0
TOI-3049.01,1.3168344497680664,3640.0,7.61182342357083,0.47354739904403687,1,0,0
TOI-3358.01,8.808844566345215,3550.0,14.527893524639433,0.79532790184021,1,1,0
TOI-1370.01,5.265127182006836,3450.0,26.240578006508308,0.6727101802825928,1,1,0
TOI-2544.01,21.068992614746094,3392.7700746,6.824208911713433,0.8625429272651672,1,1,0
TOI-2789.01,3.0071496963500977,3310.0,3.1669876818272966,0.22570137679576874,0,0,0
TOI-2736.01,3.4771921634674072,3250.0,12.477034995233666,0.6115370392799377,1,1,0
TOI-575.01,19.37210464477539,3219.5594645,4.800209975341343,0.8860689401626587,1,1,0
TOI-5212.01,2.4011406898498535,3193.9893038,6.5223623226807215,0.6340264678001404,1,1,0
TOI-1639.01,0.9014649987220764,3156.5658264,3.250700839774329,0.07878280431032181,0,0,0
TOI-816.01,1.5574699640274048,3127.94,2.801444825215803,0.8470813035964966,1,1,0
TOI-4257.01,4.651252269744873,3110.0,5.4924772543707565,0.8765425682067871,1,1,0
TOI-1403.01,2.3359622955322266,3066.2492749,5.646304208648037,0.6177844405174255,1,1,0
TOI-3626.01,19.88753318786621,3020.0,5.781881471507206,0.8788154125213623,1,1,0
TOI-414.01,1.8248800039291382,2950.0,95.49559324016568,0.51992267370224,1,1,0
TOI-1608.01,2.4727425575256348,2929.0,45.30309140029846,0.6033617258071899,1,1,0
TOI-1014.01,1.4095183610916138,2841.5103258,24.08282892240812,0.6049103140830994,1,1,0
TOI-158.01,2.512660026550293,2790.01,2.997860393346732,0.8444918990135193,1,1,0
TOI-1977.01,17.06147575378418,2730.0,17.44335533634569,0.8535072207450867,1,1,0
TOI-4902.01,4.1934943199157715,2710.0,3.4002200752195733,0.6919254660606384,1,1,0
TOI-6298.01,2.8577027320861816,2695.0,2.9738901873977093,0.47911205887794495,1,0,0
TOI-5769.01,1.754886269569397,2620.0,5.967913442518913,0.5039564371109009,1,1,0
TOI-5055.01,2.0915615558624268,2560.0,3.6219815454499087,0.5452695488929749,1,1,0
TOI-3059.01,1.3934564590454102,2530.0,6.672624475371906,0.32113683223724365,0,0,0
TOI-441.01,2.8743600845336914,2490.41,32.30922648274921,0.7266718149185181,1,1,0
TOI-5258.01,0.5919628739356995,2450.0,5.718670685404901,0.11244712769985199,0,0,0
TOI-5954.01,10.700456619262695,2409.0,13.69453205680667,0.861017107963562,1,1,0
TOI-2878.01,2.084951639175415,2380.0,2.731880698763197,0.5097770690917969,1,1,0
TOI-3005.01,2.0958073139190674,2350.0,5.102639365766608,0.35139843821525574,0,0,0
TOI-4148.01,3.6841444969177246,2260.0,7.812117096630155,0.718764066696167,1,1,0
TOI-974.01,2.825949192047119,2206.0,8.388216867779864,0.6974480152130127,1,1,0
TOI-1023.01,1.3214483261108398,2180.0,22.71660029112913,0.20559531450271606,0,0,0
TOI-3044.01,13.268109321594238,2140.0,5.157274316326314,0.8743590712547302,1,1,0
TOI-3999.01,4.112384796142578,2110.0,3.4120812867132355,0.809828519821167,1,1,0
TOI-1353.01,4.435002326965332,2085.0,8.097621326389657,0.8687731623649597,1,1,0
TOI-4383.01,3.042133331298828,2054.3050277,13.605247719783168,0.7856680750846863,1,1,0
TOI-1284.01,1.2832510471343994,1961.318203,5.22621554245359,0.3305923044681549,0,0,0
TOI-1304.01,8.87352180480957,1949.0,7.644577451267107,0.8665435910224915,1,1,0
TOI-1340.01,8.587467193603516,1904.8131484,6.323255439692937,0.881589949131012,1,1,0
TOI-1047.01,0.6262699961662292,1880.0,16.7491450276564,0.3197407126426697,0,0,0
TOI-4838.01,0.7600190043449402,1865.5886518,8.32548730272446,0.4837016761302948,1,0,0
TOI-999.01,1.5078959465026855,1839.0,7.170926341178361,0.715507447719574,1,1,0
TOI-1354.01,1.4287976026535034,1768.0,7.703461689230628,0.8613101840019226,1,1,0
TOI-4037.01,4.725712776184082,1740.0,3.0063294861221763,0.8810521960258484,1,1,0
TOI-1707.01,2.0236499309539795,1710.0,12.206823861646225,0.7181212306022644,1,1,0
TOI-2052.01,1.622630000114441,1630.0,4.9127050910847,0.7591260671615601,1,1,0
TOI-6711.01,10.346994400024414,1601.254739,3.344222827360108,0.8327342867851257,1,1,0
TOI-1399.01,1.3812787532806396,1573.0,9.531347818757204,0.3823007345199585,0,0,0
TOI-658.01,4.719273567199707,1557.0,19.878332306615633,0.8744131922721863,1,1,0
TOI-4394.01,1.4919159412384033,1474.3347879,9.100520902711867,0.5928859114646912,1,1,0
TOI-6280.01,15.986540794372559,1451.0,4.324979102524017,0.8812931180000305,1,1,0
TOI-607.01,2.14563250541687,1438.6746953,7.157192977467182,0.6155668497085571,1,1,0
TOI-1166.01,1.8824539184570312,1391.0,10.689822082083845,0.7738964557647705,1,1,0
TOI-600.01,4.365260601043701,1362.0,5.735909135406295,0.8712014555931091,1,1,0
TOI-4036.01,2.77616286277771,1340.0,2.3051996349788513,0.8241101503372192,1,1,0
TOI-1015.01,1.373046636581421,1301.5065338,6.721908735242275,0.5406890511512756,1,1,0
TOI-4412.01,2.0340967178344727,1283.0,4.107894758813778,0.6142604947090149,1,1,0
TOI-619.01,1.80803644657135,1264.0,6.168890192895616,0.6505429744720459,1,1,0
TOI-2164.01,1.0933300256729126,1250.0,3.462092720510717,0.5546715259552002,1,1,0
TOI-467.01,1.734421968460083,1230.0,11.220210504315201,0.7159692645072937,1,1,0
TOI-1369.01,7.60474157333374,1200.0,12.158982484813395,0.7939645648002625,1,1,0
TOI-1592.01,5.631807327270508,1186.1481873,6.547847665431574,0.8439149856567383,1,1,0
TOI-4840.01,2.399287700653076,1180.0,4.83925833278132,0.7024778127670288,1,1,0
TOI-1391.01,2.7260172367095947,1165.0,3.1095709660788624,0.8174679279327393,1,1,0
TOI-1195.01,4.051350116729736,1132.23,2.617447589660006,0.8794575333595276,1,1,0
TOI-1673.01,1.0862499475479126,1110.0,5.524332469901965,0.7886903285980225,1,1,0
TOI-894.01,4.343338966369629,1100.0,7.497361537819533,0.8486963510513306,1,1,0
TOI-2053.01,4.278079986572266,1096.6013542,8.075972171702297,0.8716339468955994,1,1,0
TOI-2754.01,0.9422587752342224,1060.0,3.7872347488974722,0.38062313199043274,0,0,0
TOI-1315.01,2.577871799468994,1010.0,7.6466278111385,0.759415328502655,1,1,0
